Bleach,Noodles,Shaving Cream,Razor,Gin,Garlic,Mustard,Cauliflower,Bread,Cheese
Garlic,Pepper,Tea,Cucumber,Peppers,Onion,Mustard,Cherry,Sugar,Bucket
Milk,Vinegar,Ice Cream,Wine,Napkins,Lettuce,Oil,,,
Soap,Beer,Flour,Soda,Raspberry,Vodka,Broom,Sunscreen,,
Lotion,Razor,Beer,Beans,Oil,Tequila,,,,
Potato,Bread,Shrimp,Apple,Napkins,Rum,Broccoli,Soda,Banana,Beer
Pineapple,Mop,Broccoli,Bread,Soy Sauce,Flour,Beer,Popcorn,Soap,
Shampoo,Juice,Garlic,Bleach,Water,Vodka,Pasta,Tofu,Mango,Beans
Banana,Lime,Plastic Wrap,Napkins,Ginger,Rice,Foil,Juice,,
Blueberry,Chips,Cookies,Shrimp,Soy Sauce,Orange,Pork,Banana,Coffee,
Ginger,Chicken,Mop,Mayo,Gin,Razor,Bread,Beef,,
Broccoli,Watermelon,Carrot,Toothbrush,Mushrooms,Pepper,Tequila,Mayo,,
Watermelon,Cleaner,Lemon,Butter,Raspberry,Chocolate,Napkins,Mango,Whiskey,
Noodles,Wine,Mayo,Soap,Strawberry,,,,,
Apple,Detergent,Chicken,Bread,Tequila,Bleach,Mustard,,,
Mustard,Mayo,Lemon,Bread,Eggplant,Foil,Ketchup,,,
Pasta,Cleaner,Peach,,,,,,,
Vodka,Bleach,Broccoli,,,,,,,
Lemon,Cauliflower,Lotion,Wine,Razor,,,,,
Blueberry,Peach,Vinegar,Cleaner,Rice,Cherry,Fish,Lime,Deodorant,
Popcorn,Tomato,Strawberry,Banana,Salt,Grapes,Gin,,,
Chicken,Cleaner,Grapes,Mango,Strawberry,Chips,Napkins,Yogurt,Water,
Tequila,Gin,Soy Sauce,Strawberry,Ginger,Butter,Grapes,,,
Eggs,Mop,Toilet Paper,Pretzels,Napkins,Raspberry,Garlic,Cauliflower,Zucchini,
Yogurt,Cheese,Spinach,Foil,Shaving Cream,Onion,,,,
Tequila,Bleach,Cake,Napkins,Plastic Wrap,Chocolate,Vodka,Pie,Lotion,Apple
Carrot,Toilet Paper,Tea,Rice,Wine,Bleach,Toothpaste,Tequila,,
Garlic,Coffee,Pasta,Ginger,Sunscreen,Watermelon,Chicken,Salt,Eggs,
Butter,Ketchup,Toothbrush,Beer,Cucumber,,,,,
Toothpaste,Rum,Napkins,Gin,Pineapple,,,,,
Carrot,Sponge,Pepper,Mayo,Water,Coffee,Grapes,Shrimp,Flour,Cake
Noodles,Foil,Tomato,,,,,,,
Beans,Tequila,Lentils,Toothpaste,Deodorant,Vinegar,Peppers,,,
Pie,Mop,Strawberry,Blueberry,Soap,,,,,
Napkins,Salt,Juice,Cleaner,Orange,Soda,Salsa,,,
Strawberry,Chips,Onion,Conditioner,,,,,,
Tequila,Avocado,Gin,Butter,Pork,Conditioner,Garlic,,,
Apple,Chicken,Shaving Cream,Bleach,Cauliflower,Plastic Wrap,Eggplant,,,
Flour,Toothbrush,Lentils,Plastic Wrap,Cheese,Cake,Pork,Mop,,
Avocado,Toilet Paper,Lentils,,,,,,,
Toilet Paper,Cookies,Lotion,Orange,Soap,Ketchup,,,,
Soy Sauce,Pretzels,Razor,Pear,Mustard,,,,,
Flour,Chips,Pear,Whiskey,Sugar,Rice,Lime,Mustard,Shaving Cream,
Eggs,Pineapple,Shampoo,Shaving Cream,,,,,,
Mustard,Mango,Vodka,Carrot,Mayo,Bleach,Onion,Mushrooms,Cheese,
Yogurt,Onion,Toothpaste,Cucumber,Broom,,,,,
Eggplant,Tea,Butter,Cucumber,Coffee,Pear,,,,
Paper Towels,Broom,Whiskey,Lime,,,,,,
Juice,Zucchini,Beer,Blueberry,Banana,Lime,Mushrooms,Cauliflower,Plastic Wrap,Shrimp
Tequila,Cookies,Salsa,Paper Towels,Soy Sauce,,,,,
Bread,Beans,Oil,Peppers,Broom,Wine,Ginger,,,
Mushrooms,Shaving Cream,Toilet Paper,Cheese,Cauliflower,,,,,
Cauliflower,Trash Bags,Cake,Watermelon,Rum,Cucumber,Lentils,,,
Pear,Rum,Bread,Bleach,Fish,Milk,,,,
Butter,Pepper,Pear,Noodles,Vodka,Orange,Bread,Spinach,Cake,Avocado
Zucchini,Ginger,Mushrooms,Grapes,Tofu,Beer,Lotion,Mayo,Noodles,
Rice,Fish,Salsa,Mango,Shrimp,,,,,
Tea,Milk,Banana,Tomato,Beef,Paper Towels,Razor,,,
Chips,Chicken,Bucket,Potato,Noodles,,,,,
Shaving Cream,Toilet Paper,Lime,Lentils,Mustard,,,,,
Grapes,Shaving Cream,Paper Towels,Sponge,Deodorant,Flour,Mushrooms,Beef,Bucket,
Fish,Eggs,Rum,Pork,Watermelon,Eggplant,Plastic Wrap,Strawberry,Conditioner,
Tea,Wine,Watermelon,Peppers,Gin,Conditioner,Pasta,,,
Pretzels,Rice,Mustard,Ketchup,,,,,,
Yogurt,Popcorn,Garlic,Oil,,,,,,
Pork,Soda,Soap,Onion,Rice,,,,,
Ginger,Oil,Spinach,Eggs,Strawberry,Detergent,Salsa,Watermelon,,
Foil,Soap,Rum,Lotion,Broom,Lentils,,,,
Banana,Broom,Eggs,Soap,Pretzels,Cherry,,,,
Pork,Potato,Mango,Chicken,Pretzels,Shaving Cream,,,,
Lime,Bread,Cheese,Ketchup,Vodka,,,,,
Chocolate,Tofu,Apple,,,,,,,
Whiskey,Plastic Wrap,Pretzels,Vinegar,Carrot,,,,,
Yogurt,Zucchini,Blueberry,Salsa,Eggplant,Water,Cheese,Watermelon,,
Lettuce,Orange,Cake,Toothpaste,Spinach,,,,,
Apple,Lotion,Pineapple,Toothpaste,Soap,Mustard,Tea,,,
Peach,Bucket,Tequila,Bread,Yogurt,Butter,Vodka,Eggs,,
Lotion,Salsa,Lentils,Soda,Cauliflower,Raspberry,Broom,,,
Eggs,Chips,Cheese,Eggplant,,,,,,
Sunscreen,Watermelon,Apple,Rum,Mustard,Bleach,Cucumber,Gin,Pepper,Spinach
Tofu,Watermelon,Beer,Carrot,Raspberry,Lentils,Trash Bags,Cucumber,Potato,Orange
Watermelon,Avocado,Cleaner,Shampoo,,,,,,
Cleaner,Soap,Orange,Shrimp,,,,,,
Broom,Popcorn,Garlic,,,,,,,
Orange,Foil,Bucket,,,,,,,
Vinegar,Fish,Toothbrush,Avocado,Mango,Chips,Sugar,Yogurt,Potato,
Pear,Mustard,Shampoo,Tomato,Grapes,Cleaner,Pasta,Soy Sauce,Orange,Salt
Lime,Razor,Garlic,,,,,,,
Beans,Chocolate,Pear,Sunscreen,,,,,,
Mushrooms,Shrimp,Avocado,Sugar,,,,,,
Vinegar,Lotion,Beer,Blueberry,Cake,Tomato,,,,
Fish,Ice Cream,Peach,Lettuce,,,,,,
Zucchini,Ice Cream,Spinach,Blueberry,,,,,,
Juice,Ginger,Butter,Toilet Paper,Soy Sauce,Pork,Salt,Avocado,Coffee,
Cake,Whiskey,Blueberry,Ginger,,,,,,
Onion,Eggs,Salsa,Paper Towels,Coffee,,,,,
Deodorant,Juice,Lettuce,Cherry,Sponge,Tea,Bleach,Gin,,
Beans,Deodorant,Cake,Broom,Water,,,,,
Pasta,Toilet Paper,Fish,Soap,Spinach,Toothpaste,Shaving Cream,Pork,Cauliflower,Lentils
Lettuce,Mango,Cauliflower,Water,Tequila,,,,,
Shaving Cream,Onion,Gin,Cleaner,Pepper,Grapes,Carrot,,,
Vodka,Apple,Conditioner,,,,,,,
Broom,Mustard,Zucchini,Lotion,Chips,Sugar,Whiskey,Cleaner,Sunscreen,Plastic Wrap
Chips,Rum,Tequila,Ginger,Oil,Whiskey,Orange,Eggs,Peppers,Strawberry
Conditioner,Pretzels,Chocolate,Whiskey,Butter,Pear,Salt,Toothbrush,,
Grapes,Sunscreen,Peppers,Tomato,Chicken,Beans,Sugar,Toilet Paper,,
Orange,Watermelon,Carrot,Foil,Salt,Mayo,Apple,Razor,Fish,
Flour,Potato,Avocado,Raspberry,Deodorant,Fish,Soy Sauce,,,
Chips,Tofu,Pear,Cherry,Cleaner,Eggs,Lemon,Bread,Lime,
Sugar,Razor,Tea,Ice Cream,Whiskey,Strawberry,Mustard,,,
Chicken,Blueberry,Sugar,Banana,Cauliflower,Lemon,Bucket,Raspberry,Sunscreen,
Peppers,Sunscreen,Whiskey,Butter,Popcorn,,,,,
Beef,Pretzels,Fish,Oil,Zucchini,Soda,Bleach,Bucket,Tea,
Cucumber,Blueberry,Fish,Cherry,Beer,Strawberry,Mustard,Spinach,Watermelon,
Trash Bags,Chips,Sunscreen,Mayo,Toothpaste,,,,,
Bleach,Cheese,Beer,Salt,Butter,Cauliflower,Blueberry,Mustard,,
Yogurt,Cheese,Razor,Butter,,,,,,
Beer,Lettuce,Beef,Chips,Banana,Garlic,Paper Towels,,,
Paper Towels,Vodka,Broccoli,Grapes,Lemon,Mushrooms,Chips,Potato,Mango,
Cucumber,Cake,Broccoli,Mayo,Conditioner,Butter,,,,
Trash Bags,Carrot,Broom,Soy Sauce,Cheese,Eggplant,,,,
Banana,Mop,Deodorant,Ketchup,Plastic Wrap,Lemon,Toilet Paper,Wine,Popcorn,
Conditioner,Mayo,Mop,Tofu,Cheese,Strawberry,Pretzels,Peach,Salt,
Cake,Soy Sauce,Toilet Paper,Coffee,Milk,Sunscreen,Chips,Lime,Avocado,
Bread,Tofu,Peppers,Apple,Pineapple,Cookies,Chocolate,,,
Shampoo,Soda,Shrimp,Tea,Sponge,Toilet Paper,,,,
Napkins,Cookies,Whiskey,Broccoli,Toilet Paper,Chicken,,,,
Rice,Pineapple,Mustard,,,,,,,
Butter,Vinegar,Watermelon,Blueberry,Cherry,Sponge,Shrimp,Rice,Ginger,Foil
Orange,Lotion,Wine,Sunscreen,Ketchup,Pork,,,,
Mop,Chips,Toothpaste,Sunscreen,Deodorant,Plastic Wrap,Salt,Whiskey,,
Soy Sauce,Cauliflower,Chips,Zucchini,Raspberry,Shrimp,Conditioner,Whiskey,Beer,
Chips,Detergent,Foil,Eggs,Orange,Beer,Eggplant,,,
Soy Sauce,Razor,Gin,Ice Cream,Rum,Fish,Sunscreen,Sugar,Soda,Pasta
Tomato,Oil,Coffee,Strawberry,Broom,Soy Sauce,Chocolate,Blueberry,Apple,Noodles
Trash Bags,Foil,Peach,Bleach,Tea,Watermelon,Mustard,Noodles,Grapes,Detergent
Conditioner,Salsa,Pasta,Tequila,Pineapple,Whiskey,Juice,,,
Beans,Vinegar,Ginger,Peach,Pie,Lettuce,,,,
Gin,Peppers,Lime,,,,,,,
Water,Shrimp,Orange,Cauliflower,Toothbrush,,,,,
Tequila,Popcorn,Plastic Wrap,Ginger,Sugar,Coffee,Cleaner,Ice Cream,Lentils,Butter
Pasta,Cherry,Bleach,Pie,Bread,Trash Bags,Eggplant,Ice Cream,Popcorn,Lime
Rice,Flour,Pineapple,Conditioner,Tofu,Cucumber,,,,
Popcorn,Wine,Lettuce,Oil,Plastic Wrap,Strawberry,Conditioner,Ketchup,,
Soy Sauce,Deodorant,Yogurt,Sponge,,,,,,
Salsa,Soda,Pork,,,,,,,
Lotion,Coffee,Ketchup,Sugar,,,,,,
Apple,Popcorn,Cherry,Lemon,Grapes,Mustard,Beer,,,
Tofu,Toothbrush,Lemon,Milk,Mustard,Toothpaste,Mango,Flour,Lotion,Watermelon
Raspberry,Ginger,Cauliflower,Bucket,,,,,,
Broom,Rice,Pasta,Gin,Pretzels,Juice,,,,
Pretzels,Trash Bags,Toilet Paper,Ice Cream,Cookies,Coffee,Tomato,Popcorn,Sunscreen,Ginger
Flour,Broom,Paper Towels,Mushrooms,Shampoo,Juice,,,,
Wine,Cake,Mayo,Cookies,Potato,,,,,
Cheese,Eggplant,Soap,Trash Bags,Watermelon,Yogurt,Shaving Cream,Peppers,Pineapple,Cake
Tomato,Cauliflower,Conditioner,Bread,,,,,,
Detergent,Soy Sauce,Toothpaste,Lentils,Tofu,Salsa,,,,
Bread,Chocolate,Trash Bags,Soy Sauce,Mushrooms,Mop,Detergent,Lemon,,
Pie,Foil,Pepper,Potato,Lemon,Whiskey,Sugar,,,
Watermelon,Blueberry,Pepper,Pork,Shaving Cream,Toothpaste,Salt,Chocolate,,
Potato,Popcorn,Rum,Mop,Grapes,Shrimp,,,,
Sponge,Grapes,Gin,Detergent,Foil,Paper Towels,Pineapple,Potato,Spinach,
Bleach,Broom,Trash Bags,Carrot,Napkins,Soda,,,,
Shampoo,Lettuce,Beans,Mango,Ginger,Plastic Wrap,,,,
Pineapple,Vodka,Cookies,Shaving Cream,Peppers,,,,,
Carrot,Tequila,Beer,,,,,,,
Chicken,Avocado,Tea,Milk,,,,,,
Lettuce,Bucket,Orange,Eggs,Razor,Pasta,Ginger,Flour,Beef,
Ice Cream,Spinach,Cucumber,Watermelon,Trash Bags,Soda,Plastic Wrap,Pork,Rice,
Apple,Cheese,Tomato,Pepper,Pie,,,,,
Strawberry,Beef,Salsa,,,,,,,
Raspberry,Ketchup,Avocado,Milk,Razor,Bucket,,,,
Onion,Rum,Cucumber,Avocado,Tofu,Soap,Cookies,Tomato,Juice,
Vodka,Broom,Water,Soy Sauce,Potato,Beef,,,,
Bucket,Chocolate,Beans,,,,,,,
Conditioner,Lentils,Pretzels,,,,,,,
Toilet Paper,Cleaner,Whiskey,Eggplant,Rum,Broom,Peppers,Cucumber,,
Grapes,Garlic,Cake,Ice Cream,,,,,,
Onion,Coffee,Beans,Ice Cream,Shrimp,,,,,
Ice Cream,Juice,Tequila,Whiskey,Cucumber,Pepper,Mayo,Chips,Garlic,
Beef,Pepper,Vodka,Cookies,Whiskey,Toothbrush,,,,
Vodka,Cherry,Mop,Apple,Pepper,,,,,
Foil,Plastic Wrap,Pear,Chicken,Onion,,,,,
Grapes,Avocado,Paper Towels,Bleach,,,,,,
Napkins,Pear,Flour,Toothpaste,Pasta,,,,,
Plastic Wrap,Milk,Detergent,,,,,,,
Watermelon,Rum,Sugar,Garlic,,,,,,
Sugar,Lotion,Water,Chips,Bread,Soap,Sunscreen,Wine,,
Vinegar,Rum,Cheese,,,,,,,
Oil,Rum,Tofu,Lentils,Soy Sauce,,,,,
Detergent,Peppers,Pineapple,Ginger,Grapes,Lemon,,,,
Gin,Potato,Tequila,Orange,Tea,Pepper,Cleaner,Pretzels,Deodorant,Paper Towels
Apple,Cherry,Vinegar,Watermelon,Napkins,Tequila,Toothbrush,Lettuce,Rum,
Whiskey,Sponge,Mop,Bucket,Grapes,Fish,Garlic,Sunscreen,Paper Towels,Onion
Vinegar,Whiskey,Pretzels,,,,,,,
Raspberry,Soy Sauce,Trash Bags,Cake,Sunscreen,Tomato,Eggplant,Soap,,
Bucket,Sponge,Bleach,Zucchini,Tofu,Conditioner,Bread,Lime,Salsa,
Shampoo,Trash Bags,Cake,Pineapple,Mango,Juice,Eggs,,,
Shrimp,Cleaner,Pineapple,Lentils,Vodka,Salsa,Deodorant,Grapes,,
Vinegar,Garlic,Cauliflower,Spinach,Gin,Mustard,,,,
Peppers,Lentils,Eggplant,Cleaner,Lettuce,Broccoli,Napkins,Toilet Paper,Cookies,
Chicken,Spinach,Chips,Coffee,Ginger,,,,,
Noodles,Cheese,Gin,Zucchini,Beans,Vodka,Beer,Vinegar,Apple,
Strawberry,Peach,Pasta,Juice,Pie,,,,,
Tomato,Broccoli,Chicken,Wine,,,,,,
Shampoo,Garlic,Butter,Wine,Deodorant,Soap,Spinach,Mayo,,
Water,Bread,Onion,,,,,,,
Salt,Oil,Garlic,Watermelon,Tequila,Carrot,,,,
Beans,Paper Towels,Shaving Cream,,,,,,,
Shrimp,Lotion,Ice Cream,Foil,Juice,Salsa,Ginger,,,
Water,Chocolate,Peppers,,,,,,,
Popcorn,Lentils,Orange,Rum,Lotion,,,,,
Shampoo,Chicken,Orange,,,,,,,
Sunscreen,Flour,Mango,Lemon,Bucket,Tequila,,,,
Chicken,Cauliflower,Salt,Napkins,Sponge,Avocado,Onion,Orange,,
Rice,Wine,Conditioner,Orange,Ginger,Sunscreen,Ice Cream,Peach,,
Eggs,Bucket,Beef,Cheese,Deodorant,Mop,Avocado,Rice,,
Salsa,Pasta,Bleach,Gin,Toothbrush,Strawberry,Trash Bags,Mayo,Ketchup,Mop
Orange,Carrot,Rum,Flour,Mayo,Pineapple,Napkins,Gin,Mustard,Ginger
Orange,Banana,Pasta,Garlic,Onion,Beer,Sunscreen,Peppers,Lemon,
Peppers,Pretzels,Soy Sauce,Whiskey,Pear,,,,,
Tomato,Watermelon,Soy Sauce,Grapes,Chocolate,Vodka,Cleaner,Juice,,
Butter,Razor,Pretzels,Strawberry,,,,,,
Toilet Paper,Mango,Tomato,Cauliflower,,,,,,
Lime,Peach,Strawberry,Popcorn,Yogurt,,,,,
Raspberry,Shaving Cream,Plastic Wrap,Tequila,Lotion,Bread,Chips,Broom,,
Flour,Zucchini,Detergent,Fish,Chocolate,,,,,
Pork,Popcorn,Zucchini,Tomato,Salt,Eggs,Pineapple,Beef,Milk,
Ice Cream,Mustard,Plastic Wrap,Watermelon,Toothbrush,Chips,Gin,Sunscreen,Mushrooms,Mayo
Broom,Bread,Mango,Shaving Cream,Cookies,Conditioner,Popcorn,Whiskey,,
Ice Cream,Salsa,Foil,Pineapple,Trash Bags,Shrimp,,,,
Soy Sauce,Beef,Juice,Pasta,Carrot,,,,,
Pie,Butter,Pepper,,,,,,,
Watermelon,Bucket,Eggplant,,,,,,,
Spinach,Milk,Tea,,,,,,,
Raspberry,Zucchini,Bread,Pasta,,,,,,
Cake,Soy Sauce,Lemon,Cheese,Conditioner,Napkins,Chicken,Lime,Beer,Popcorn
Tea,Ginger,Deodorant,Toothbrush,Strawberry,Fish,,,,
Butter,Wine,Coffee,Sugar,Gin,Broom,,,,
Rum,Water,Pear,,,,,,,
Raspberry,Butter,Potato,Rum,Deodorant,Conditioner,,,,
Mayo,Tea,Spinach,Sunscreen,,,,,,
Zucchini,Noodles,Trash Bags,Mushrooms,Pineapple,Bleach,Watermelon,Pasta,Potato,
Lemon,Pasta,Cleaner,Broccoli,Bleach,Garlic,Detergent,Juice,,
Tequila,Beer,Lime,Onion,Toothpaste,Pepper,,,,
Soda,Sunscreen,Toothbrush,Cauliflower,Whiskey,Toilet Paper,Lime,Strawberry,,
Carrot,Whiskey,Peppers,Mustard,Shrimp,Orange,Mop,Tofu,Grapes,Pretzels
Deodorant,Lemon,Conditioner,Butter,Banana,Sponge,,,,
Sugar,Cheese,Chicken,Milk,,,,,,
Cheese,Mushrooms,Popcorn,Tequila,,,,,,
Rice,Chicken,Toilet Paper,Rum,Butter,Beef,Watermelon,Bread,Water,
Gin,Rum,Sponge,Trash Bags,Pear,Toothpaste,Plastic Wrap,Pork,Napkins,
Noodles,Cookies,Cleaner,Carrot,Razor,Toothpaste,Pretzels,Lemon,Cherry,Grapes
Watermelon,Water,Pear,,,,,,,
Mango,Beef,Rice,Pork,Noodles,,,,,
Ice Cream,Oil,Lime,,,,,,,
Pineapple,Peach,Beef,Soy Sauce,Toothpaste,Trash Bags,Rum,Mop,Cherry,Toilet Paper
Butter,Tequila,Pretzels,Carrot,Orange,Chocolate,Cookies,Blueberry,,
Lentils,Paper Towels,Peach,Lettuce,,,,,,
Milk,Ginger,Rum,Ice Cream,Apple,Toilet Paper,Salt,,,
Pork,Carrot,Cheese,Tequila,Napkins,Razor,Blueberry,Cleaner,Tomato,Mushrooms
Mayo,Detergent,Coffee,Cookies,Broccoli,Ginger,Lemon,Flour,Cauliflower,
Strawberry,Apple,Trash Bags,Mop,Bucket,Rice,Tomato,,,
Grapes,Coffee,Ginger,Shaving Cream,Toothpaste,Shrimp,,,,
Mustard,Vinegar,Pie,Lentils,Potato,,,,,
Cheese,Cherry,Napkins,Water,Chips,Eggplant,Soap,Cucumber,Pineapple,
Fish,Lotion,Wine,Banana,Cherry,Soy Sauce,Salt,,,
Orange,Flour,Cucumber,Beef,Zucchini,Rice,Banana,Mop,Lemon,
Fish,Toothpaste,Ginger,Soy Sauce,Sugar,,,,,
Razor,Blueberry,Lime,Mayo,Deodorant,Popcorn,Tofu,Coffee,,
Eggplant,Shrimp,Mayo,Soap,Onion,Beans,Lentils,Flour,,
Tomato,Rum,Carrot,Cake,Pretzels,Coffee,Cheese,Rice,Pear,
Sugar,Carrot,Eggs,Soap,Mango,Trash Bags,Cheese,,,
Napkins,Watermelon,Cleaner,Lemon,Salsa,,,,,
Bread,Mayo,Yogurt,Vinegar,Beans,Juice,,,,
Water,Paper Towels,Trash Bags,Whiskey,Tofu,Bleach,Detergent,Beef,Bread,Grapes
Zucchini,Soy Sauce,Plastic Wrap,Lime,Mango,,,,,
Butter,Ketchup,Soap,Fish,Chocolate,,,,,
Blueberry,Juice,Cookies,Tofu,Bread,Apple,Fish,Razor,Mustard,
Soy Sauce,Cucumber,Napkins,Garlic,Foil,Lemon,Pineapple,Potato,Lettuce,
Paper Towels,Juice,Pear,Cake,Napkins,Garlic,Apple,Pineapple,,
Pineapple,Broom,Sponge,,,,,,,
Bucket,Cleaner,Conditioner,Trash Bags,Cherry,Detergent,,,,
Chips,Cleaner,Cheese,Pineapple,Pretzels,Juice,,,,
Tomato,Onion,Eggplant,Lotion,Beans,Grapes,Rice,,,
Strawberry,Lime,Coffee,Soda,Peach,Ginger,Toothbrush,Tequila,Pineapple,
Vodka,Broccoli,Spinach,,,,,,,
Spinach,Water,Soap,Mop,Carrot,Pineapple,Butter,Sunscreen,Toothpaste,Yogurt
Tofu,Blueberry,Popcorn,,,,,,,
Tea,Cherry,Cake,Lotion,Orange,Mustard,Milk,Tomato,,
Fish,Trash Bags,Whiskey,Mustard,Cookies,Pear,,,,
Pasta,Juice,Garlic,Soap,Tea,Cauliflower,Tomato,,,
Tea,Chips,Milk,Rum,Potato,Beans,Soda,,,
Soap,Sponge,Shampoo,Beef,Water,Shrimp,Pie,Mango,Potato,Napkins
Beans,Avocado,Pork,Tofu,Potato,Peppers,,,,
Toothbrush,Gin,Sunscreen,Yogurt,Oil,,,,,
Zucchini,Strawberry,Pasta,,,,,,,
Ginger,Spinach,Bucket,Yogurt,Fish,Mayo,Popcorn,Shrimp,Broccoli,
Gin,Whiskey,Grapes,Toilet Paper,Tofu,Raspberry,,,,
Fish,Milk,Lotion,,,,,,,
Pear,Salsa,Fish,Rum,Whiskey,Tea,,,,
Sugar,Pineapple,Lettuce,Raspberry,Shampoo,,,,,
Bread,Banana,Noodles,Sugar,,,,,,
Pretzels,Toilet Paper,Toothpaste,Ginger,Sunscreen,,,,,
Pasta,Flour,Sugar,Lime,Tofu,Peach,Mop,Plastic Wrap,Salsa,Eggplant
Shaving Cream,Chicken,Fish,,,,,,,
Sugar,Pork,Lotion,Popcorn,Toothpaste,Mayo,,,,
Napkins,Pretzels,Razor,Cheese,Pasta,Shrimp,Onion,,,
Pear,Flour,Bread,Rum,Lime,Mushrooms,Spinach,,,
Oil,Napkins,Milk,Chocolate,Pie,Toothbrush,Deodorant,,,
Rum,Pineapple,Peppers,Pork,Cake,Razor,,,,
Lettuce,Coffee,Detergent,Razor,Mayo,Tofu,,,,
Conditioner,Pear,Carrot,Grapes,,,,,,
Pineapple,Cleaner,Zucchini,Ginger,,,,,,
Chips,Tomato,Fish,Mango,Paper Towels,Toilet Paper,Orange,Ginger,,
Peach,Lettuce,Gin,Spinach,Carrot,Plastic Wrap,,,,
Coffee,Spinach,Shaving Cream,,,,,,,
Zucchini,Shaving Cream,Gin,Sunscreen,Noodles,,,,,
Soap,Cucumber,Ginger,Grapes,Sunscreen,Cheese,,,,
Toothbrush,Zucchini,Cleaner,,,,,,,
Mango,Cherry,Soda,Tofu,,,,,,
Chocolate,Mop,Soy Sauce,Conditioner,Flour,Lotion,,,,
Whiskey,Ketchup,Chips,Pineapple,Pasta,Beans,Yogurt,,,
Toilet Paper,Peach,Flour,Chips,Garlic,Popcorn,Coffee,Deodorant,,
Shampoo,Soap,Eggs,Juice,Gin,Lettuce,Pretzels,Shaving Cream,Napkins,Beans
Zucchini,Cauliflower,Tequila,Bread,Rum,Mop,,,,
Ginger,Popcorn,Juice,Beef,Beer,Vinegar,Chocolate,Potato,,
Chicken,Toilet Paper,Butter,Coffee,,,,,,
Beans,Noodles,Lime,Toilet Paper,Grapes,,,,,
Shampoo,Ginger,Sunscreen,Plastic Wrap,Mushrooms,Toilet Paper,Salt,Cucumber,,
Soda,Popcorn,Mayo,,,,,,,
Ginger,Cleaner,Carrot,Banana,Cake,Trash Bags,Whiskey,Butter,Bleach,Eggplant
Lentils,Fish,Sunscreen,Chips,Eggs,Popcorn,Soda,,,
Oil,Pasta,Tomato,Potato,Ice Cream,Garlic,,,,
Spinach,Razor,Pear,Tequila,Cheese,Water,Cleaner,,,
Deodorant,Ketchup,Banana,,,,,,,
Raspberry,Carrot,Cleaner,Strawberry,Apple,Pear,Peppers,Cookies,Wine,Salt
Vinegar,Coffee,Watermelon,Cake,Tomato,Cauliflower,Salsa,Pie,Mop,
Mustard,Foil,Beans,Orange,Broccoli,Shampoo,Vodka,,,
Conditioner,Pineapple,Coffee,Pretzels,Napkins,Toothbrush,,,,
Tofu,Pear,Broom,,,,,,,
Mayo,Lotion,Garlic,Juice,Beans,Trash Bags,Paper Towels,Tomato,Deodorant,
Cucumber,Water,Milk,Sponge,,,,,,
Conditioner,Chocolate,Pineapple,Peach,Chicken,Bucket,,,,
Detergent,Toothbrush,Ice Cream,Broccoli,Toothpaste,Butter,Cleaner,Grapes,Ketchup,
Fish,Water,Peppers,Soda,Oil,Chicken,Lotion,Napkins,Beer,
Bleach,Bread,Pasta,Mayo,Sunscreen,Chocolate,Shrimp,,,
Zucchini,Broom,Cheese,Soda,Toothpaste,Detergent,Tequila,,,
Grapes,Potato,Rice,Orange,,,,,,
Mango,Yogurt,Bucket,Pork,Mop,Shrimp,Salsa,Shaving Cream,Cheese,
Lime,Toothpaste,Banana,Chocolate,Coffee,Ginger,Mushrooms,Soy Sauce,Popcorn,Lotion
Coffee,Chocolate,Detergent,Pie,,,,,,
Pear,Peppers,Mayo,Tofu,Sugar,Beef,Soy Sauce,,,
Lemon,Chips,Shampoo,Carrot,Chocolate,Oil,Pretzels,Vinegar,Juice,
Flour,Mayo,Shampoo,,,,,,,
Oil,Napkins,Wine,Cake,Cheese,,,,,
Deodorant,Beans,Pear,Wine,Pasta,Cherry,Plastic Wrap,Noodles,Coffee,Watermelon
Wine,Bucket,Ketchup,Yogurt,Soap,Zucchini,Pepper,,,
Tea,Rice,Chicken,Orange,Toothbrush,Coffee,Tequila,,,
Shrimp,Lentils,Conditioner,Vodka,Rum,Wine,Mango,,,
Flour,Grapes,Ginger,Shrimp,Ketchup,Pear,Tomato,Peppers,Sunscreen,Bucket
Bleach,Mustard,Eggs,Beer,Strawberry,Mango,Blueberry,Mayo,Ketchup,Rice
Beans,Bucket,Trash Bags,Eggplant,Broccoli,Popcorn,Butter,Zucchini,Soda,Deodorant
Shrimp,Flour,Whiskey,Milk,Eggs,Conditioner,Onion,Blueberry,Cookies,Sponge
Salsa,Chips,Sunscreen,Fish,Bread,Raspberry,Tofu,Pear,,
Rice,Pineapple,Cucumber,,,,,,,
Vinegar,Bucket,Toothbrush,Beans,,,,,,
Pretzels,Milk,Sunscreen,,,,,,,
Pepper,Toothpaste,Blueberry,Rice,Pear,Raspberry,Coffee,,,
Coffee,Flour,Eggplant,,,,,,,
Plastic Wrap,Foil,Peach,Raspberry,,,,,,
Wine,Cleaner,Rum,Ketchup,Cucumber,Noodles,Zucchini,Ice Cream,Cake,Sponge
Shampoo,Orange,Ketchup,Coffee,Paper Towels,Rice,Foil,Oil,,
Tofu,Shrimp,Blueberry,Lemon,Lotion,Beans,Fish,Toothpaste,,
Mustard,Detergent,Mushrooms,Razor,Strawberry,Garlic,,,,
Tea,Apple,Bread,Bucket,Lotion,Wine,Milk,Trash Bags,Cauliflower,
Cookies,Paper Towels,Noodles,Orange,Grapes,Lemon,Gin,Beef,,
Fish,Rum,Raspberry,Deodorant,,,,,,
Gin,Paper Towels,Plastic Wrap,Beef,Avocado,Vodka,,,,
Trash Bags,Cake,Pasta,Ice Cream,Peach,,,,,
Rum,Mango,Lentils,Soda,Tea,,,,,
Yogurt,Onion,Peppers,Beef,Plastic Wrap,,,,,
Ginger,Lettuce,Paper Towels,Pasta,Cake,Spinach,Salsa,,,
Soda,Beans,Wine,Flour,Banana,Pork,Cauliflower,Rice,Carrot,
Watermelon,Lettuce,Cake,Grapes,Ice Cream,Cauliflower,Shaving Cream,Lentils,Ketchup,Sunscreen
Spinach,Bucket,Pretzels,Carrot,Mop,Watermelon,Potato,,,
Broccoli,Bucket,Lime,Onion,Napkins,Peppers,,,,
Pineapple,Trash Bags,Raspberry,Lentils,Tomato,Watermelon,Ice Cream,Salt,Toilet Paper,
Cleaner,Sponge,Strawberry,Sunscreen,,,,,,
Lettuce,Toilet Paper,Tequila,Trash Bags,Water,Toothbrush,Peach,Plastic Wrap,Pie,
Salsa,Peppers,Pepper,Milk,Pasta,,,,,
Whiskey,Bucket,Flour,,,,,,,
Pasta,Popcorn,Oil,Lotion,Apple,Salsa,Shaving Cream,Coffee,,
Vodka,Mushrooms,Mustard,,,,,,,
Tomato,Ketchup,Mango,Potato,Bleach,Chips,Yogurt,Plastic Wrap,Blueberry,Tofu
Ketchup,Apple,Lentils,Strawberry,Mop,Cherry,Detergent,Salsa,Ginger,
Tequila,Ketchup,Zucchini,Tea,Vinegar,Onion,,,,
Toothpaste,Lettuce,Juice,Fish,Soy Sauce,Raspberry,Soap,Cucumber,Trash Bags,
Banana,Cucumber,Bleach,Tofu,Avocado,Plastic Wrap,Peach,Cleaner,Cheese,
Gin,Raspberry,Beef,Butter,Ketchup,Mop,Lettuce,Soda,,
Tequila,Butter,Water,Vinegar,Chips,Sunscreen,Potato,Beef,,
Carrot,Salsa,Beer,Toilet Paper,Napkins,Oil,Trash Bags,Cookies,,
Mayo,Shampoo,Mango,Oil,Garlic,,,,,
Blueberry,Apple,Tequila,Toothpaste,Popcorn,Cake,,,,
Flour,Chocolate,Lotion,,,,,,,
Pasta,Peppers,Detergent,Conditioner,Ketchup,Vodka,,,,
Pear,Pepper,Lettuce,Strawberry,Napkins,Cleaner,Mango,Rum,Onion,Mop
Yogurt,Bucket,Fish,,,,,,,
Cherry,Pineapple,Peach,Mop,Soap,Tea,Toothbrush,Conditioner,Shaving Cream,Lemon
Peach,Rice,Salsa,,,,,,,
Water,Shaving Cream,Beer,Shrimp,,,,,,
Tofu,Noodles,Toothpaste,Watermelon,Blueberry,Foil,Razor,Popcorn,Milk,
Beef,Pie,Toothpaste,Pepper,Mustard,Bucket,Soap,Eggplant,,
Deodorant,Tomato,Wine,Mushrooms,Shampoo,Trash Bags,Lime,Beer,Vinegar,Zucchini
Lotion,Wine,Flour,Tomato,Gin,,,,,
Raspberry,Avocado,Cheese,Lotion,Bleach,Vinegar,Orange,Toothpaste,Carrot,Cake
Eggplant,Beef,Bucket,,,,,,,
Plastic Wrap,Shampoo,Popcorn,Pretzels,Cheese,,,,,
Cheese,Blueberry,Cake,Vodka,Toothbrush,Oil,Broom,Noodles,Cookies,
Yogurt,Cake,Napkins,Lemon,Eggplant,Juice,Beans,Watermelon,Onion,
Juice,Mayo,Oil,Garlic,Razor,Lentils,Paper Towels,,,
Lemon,Rice,Strawberry,Plastic Wrap,Whiskey,Chips,Napkins,,,
Sponge,Zucchini,Watermelon,Tofu,Broom,Eggplant,,,,
Soda,Pasta,Shrimp,Avocado,Mop,,,,,
Spinach,Whiskey,Chocolate,Rice,Noodles,Pear,,,,
Cherry,Apple,Butter,Garlic,Sugar,Spinach,Mushrooms,Mop,Napkins,
Vodka,Salsa,Whiskey,Lemon,Avocado,Cucumber,Soda,,,
Cleaner,Apple,Pasta,Avocado,Foil,Mayo,,,,
Onion,Peach,Coffee,Noodles,Plastic Wrap,Bucket,Sugar,,,
Vinegar,Bucket,Cherry,,,,,,,
Cherry,Ice Cream,Milk,Tea,Beans,Watermelon,,,,
Shrimp,Ginger,Fish,Sunscreen,,,,,,
Cherry,Cucumber,Mustard,Shrimp,Cookies,Sponge,Soda,,,
Rum,Wine,Banana,Razor,Sponge,Whiskey,Popcorn,Chocolate,Deodorant,Milk
Foil,Strawberry,Whiskey,Rum,Water,,,,,
Eggs,Chocolate,Wine,Pie,Tofu,Lemon,Toilet Paper,Watermelon,Rum,
Pretzels,Garlic,Juice,Whiskey,Razor,Flour,Mustard,Deodorant,Gin,
Lime,Shrimp,Deodorant,Mayo,Peach,Shaving Cream,Strawberry,Chips,,
Pineapple,Flour,Grapes,Detergent,Tomato,Zucchini,Pear,Pepper,Coffee,Peach
Tomato,Beer,Beans,,,,,,,
Shaving Cream,Chips,Cleaner,Wine,Blueberry,Rum,Soy Sauce,Strawberry,Napkins,
Shrimp,Bucket,Gin,Noodles,Mushrooms,Lentils,,,,
Wine,Tea,Strawberry,Cherry,,,,,,
Shrimp,Toothpaste,Peppers,Apple,Bread,Noodles,,,,
Broom,Cherry,Pear,Sugar,Pineapple,Deodorant,,,,
Chocolate,Paper Towels,Cauliflower,Blueberry,Salsa,,,,,
Cherry,Soda,Cheese,Tofu,Lime,Conditioner,Zucchini,Oil,Cleaner,Napkins
Vinegar,Foil,Mustard,Eggs,Yogurt,Beef,Cookies,Beans,Toothpaste,
Sponge,Avocado,Banana,Salsa,Popcorn,,,,,
Mushrooms,Zucchini,Cookies,Beans,Yogurt,Watermelon,Ketchup,Razor,Pasta,Wine
Peach,Cheese,Whiskey,Paper Towels,Lotion,Apple,Rum,Soap,,
Salsa,Juice,Tomato,Salt,Pork,Sugar,Pear,Water,Vinegar,
Mayo,Lime,Mango,Foil,Broom,,,,,
Spinach,Blueberry,Foil,Rice,Cleaner,Shampoo,Pork,,,
Watermelon,Foil,Oil,Mayo,Bleach,Broom,,,,
Shampoo,Chicken,Gin,Bucket,Pie,Orange,,,,
Cucumber,Butter,Popcorn,Soy Sauce,Detergent,Mango,Rum,,,
Raspberry,Eggs,Napkins,Orange,Avocado,,,,,
Eggplant,Toothbrush,Soda,Cauliflower,Butter,Bleach,Razor,Strawberry,,
Gin,Cauliflower,Paper Towels,Broccoli,Lotion,Mayo,Vinegar,Flour,Pretzels,
Juice,Pork,Lemon,Cucumber,Bleach,Eggs,,,,
Carrot,Sunscreen,Watermelon,Chips,Broccoli,Cucumber,Fish,Ginger,,
Rum,Cauliflower,Grapes,,,,,,,
Cake,Lemon,Lettuce,Conditioner,Garlic,Mop,Cleaner,Eggplant,Beef,Pretzels
Sponge,Potato,Garlic,Razor,Pork,,,,,
Lettuce,Oil,Tea,Deodorant,Bread,Mop,Strawberry,Banana,,
Strawberry,Rum,Juice,Tequila,,,,,,
Fish,Apple,Juice,Grapes,Whiskey,Mop,Tomato,Chips,Potato,
Whiskey,Milk,Bread,,,,,,,
Orange,Cheese,Shampoo,Potato,Tea,Vinegar,Vodka,Carrot,,
Lettuce,Lotion,Chocolate,Toilet Paper,Ice Cream,Detergent,Spinach,,,
Lotion,Tofu,Lime,Toilet Paper,Strawberry,Plastic Wrap,,,,
Zucchini,Garlic,Rum,Broccoli,,,,,,
Cherry,Tomato,Vinegar,Chips,,,,,,
Gin,Popcorn,Cake,Noodles,Sponge,Zucchini,Oil,Ice Cream,,
Shampoo,Pineapple,Salsa,Chicken,Mushrooms,Soap,,,,
Pasta,Mango,Razor,Mushrooms,Cleaner,Napkins,Soy Sauce,Tofu,,
Napkins,Gin,Salt,Vodka,Eggs,Mushrooms,,,,
Yogurt,Grapes,Lotion,Mayo,Soy Sauce,Rum,Lettuce,Garlic,Cookies,
Sugar,Mayo,Shaving Cream,,,,,,,
Broom,Razor,Mango,,,,,,,
Cake,Tequila,Bread,Soy Sauce,,,,,,
Foil,Banana,Ketchup,Garlic,Cherry,Sponge,Onion,,,
Grapes,Watermelon,Salsa,Rice,Toilet Paper,Avocado,Bucket,Broom,Beef,Chocolate
Chicken,Salsa,Garlic,Pork,Noodles,,,,,
Strawberry,Chocolate,Lime,Carrot,Pie,Deodorant,Trash Bags,Banana,Conditioner,
Soy Sauce,Salt,Zucchini,,,,,,,
Beef,Cake,Mushrooms,Shampoo,Whiskey,Orange,Apple,Paper Towels,Onion,Watermelon
Trash Bags,Zucchini,Soy Sauce,Mayo,Watermelon,Lentils,Juice,Gin,Salsa,Spinach
Pineapple,Shrimp,Vodka,Cleaner,Blueberry,Chips,Sunscreen,,,
Vinegar,Garlic,Apple,Milk,Cookies,Plastic Wrap,Beef,Lemon,Cheese,Eggs
Bucket,Chocolate,Orange,,,,,,,
Ginger,Orange,Broccoli,Cookies,Bucket,,,,,
Pepper,Mustard,Eggs,Potato,Salt,Lemon,,,,
Garlic,Eggs,Chips,Bleach,,,,,,
Raspberry,Noodles,Sponge,Lettuce,Beans,Pretzels,Coffee,Detergent,,
Lentils,Toilet Paper,Bread,Mop,Conditioner,Eggplant,Pie,Mayo,,
Conditioner,Tomato,Soda,Bucket,Mushrooms,Eggs,Chips,Mango,Gin,
Mushrooms,Banana,Noodles,Cleaner,Soap,Whiskey,,,,
Butter,Trash Bags,Mustard,Deodorant,Banana,Shaving Cream,,,,
